timestamp,lines,datetime
1581024876,1,2020-02-06-16:34:36
1581024906,78,2020-02-06-16:35:06
1581025673,78,2020-02-06-16:47:53
1581026061,80,2020-02-06-16:54:21
1581026529,85,2020-02-06-17:02:09
1581026543,85,2020-02-06-17:02:23
1581117305,85,2020-02-07-18:15:05
1581971744,264,2020-02-17-15:35:44
1581975527,267,2020-02-17-16:38:47
1581979370,264,2020-02-17-17:42:50
1584964907,311,2020-03-23-08:01:47
1584965310,311,2020-03-23-08:08:30
1584965367,311,2020-03-23-08:09:27
1585098544,311,2020-03-24-21:09:04
1585099127,313,2020-03-24-21:18:47
1585099453,313,2020-03-24-21:24:13
1585100088,313,2020-03-24-21:34:48
1585100742,313,2020-03-24-21:45:42
1585108923,313,2020-03-25-00:02:03
1585110191,313,2020-03-25-00:23:11
1585112398,313,2020-03-25-00:59:58
1585113383,313,2020-03-25-01:16:23
1585115006,313,2020-03-25-01:43:26
1585115331,313,2020-03-25-01:48:51
1585139914,313,2020-03-25-08:38:34
1587408761,313,2020-04-20-14:52:41
